donor_id,solicitation
590785,"Dear Thomas,

As a valued supporter, your contributions have been essential to our operations. Living in Illinois for over 15 years, I'm sure you understand, like we do, the importance of community ties and safety. 

I can’t help but admire your compassion—your past four donations total $180, an undeniable testament to your commitment to making a difference. Your last donation of $50 was particularly helpful.

Today, I’m reaching out to discuss an opportunity that I think will resonate with you. We’re raising funds to provide our officers with better mental health resources; a cause I believe matches our shared passion for community wellbeing.

Would you consider contributing $60 to this crucial initiative? Your support will bring us one step closer to achieving our mission and, undoubtedly, reinforce the bridge between law enforcement officers and the communities they serve.

Thank you for considering this request, Thomas. You truly are a cherished part of our donor family.

Best,
[Your Name]"
200065,"Dear Dan,

I hope this message finds you well. We deeply appreciate your demonstrated generosity and support for charitable causes, particularly those benefiting our esteemed veterans.

I am writing to introduce you to our organization based in Newport Beach, California. We are passionate about supporting local law enforcement officers by providing necessary equipment, mental health resources, and fostering a strong, positive relationship with the communities they serve.

Knowing your passion towards support services and community harmony, Dan, I believe our mission might resonate with you. As a Minnesotan, I'm sure you appreciate the peace of mind that a well-supported police force brings, just as much as we do here in California.

Would you consider a donation to our cause? Every contribution goes a long way in enhancing the well-being of our law enforcement officers and in turn, the safety of our communities. A gift from you could lead to safer neighborhoods, just as you've helped improve lives with your past donations.

We greatly appreciate any support you may provide and look forward to the possibility of welcoming you into our community of supporters. 

Warm regards,

[Your Name]
[Your Position]
"
136085,"Dear James H.,

Your unwavering commitment to making a difference has been noted and appreciated throughout the years, especially with your previous generous contribution of $100 to our cause. As a fellow conservative, a lover of the outdoors, and someone who is involved in current affairs, we know you understand our dedication to providing our local law enforcement with critical resources, to uphold both safety and serenity within our communities.

We are reaching out to see if you might consider making another gift this year. With your donation, every police officer will be armed with not only essential equipment, but also the psychosocial support that is vital in their high-stakes profession. In addition, your support can directly foster a better engagement between the public and law enforcement, an important part of our common vision.

No gift is too small, James. Every contribution has a profound impact in keeping our community safer and better connected. 

Warm regards,

[Your Name]
[Your Title]
[Your Organization]"
464775,"Dear Robert,

I hope this message finds you well. As a person of generosity and values reflected in your support for veterans, communal charities, and religious causes, your contribution can make a difference in another crucial area - local law enforcement.

Our organization in Newport Beach, California, focuses on providing quality equipment, mental health resources, and public advocacy for law enforcement officers, thus better serving our community on different levels. From your contributions to veterans affairs, it is clear that you understand the importance of supporting those who protect us.

A donation from you, Robert, would help provide the necessary tools to safeguard our communities while fostering improved relations between law enforcement and the public, much like the unity you have nurtured within your family and local community.

We appreciate your consideration and thank you for your ongoing commitment to making our world a better place. If you feel called to support us, it would indeed be a pleasure to welcome you to our family of committed supporters. 

With gratitude and respect,

[Your Name]"
625797,"Dear Anna, 

I hope this message finds you well. It's no surprise that you've long been a pillar in your community, with a compassionate heart evidenced by your 12 kind contributions to charitable causes. Your passion for current affairs, community engagement, and your enduring support for law enforcement, reminds us of the values that steer our non-profit organization here in sunny Newport Beach, California. 

We know your keen interest in the outdoors aligns with our aim to ensure a safe and secure environment for our citizens. We're aware of your passion for pets - similar to how we believe in providing mental health support and essential equipment for our frontline officers, who are the faithful guardians of our community. 

We invite you to join us in our mission, and consider a generous donation that bridges the gap between our law enforcement and the public they protect, forging a stronger, safer community. Your philanthropic generosity would reinforce our endeavors.

Kind Regards, 

[Your Name]

"
287512,"Dear Teresa,

I hope this message finds you well and enjoying beautiful California.  Your long-standing commitment to philanthropy, evidenced by your 26 donations, is inspiring. 

Our non-profit, based in Newport Beach, shares a common goal with you: making our community better. We support local law enforcement by providing essential equipment, mental health resources, and fostering beneficial community interaction. We aim to make our home just as safe and comfortable as the one you've cultivated over 15 years.

Your generous contributions can make a difference in our mission. With your support, we can ensure our officers are equipped and prepared to protect our community, affirming our belief in a safer environment for all through mutual understanding and trust.

As a successful Californian committed to community growth, a donation of $50, $100, or $200 would make a significant impact. Let's stand together to support those who serve us every day. Thank you for your consideration, Teresa.

Respecting your liberal values, we assure responsible use of every donated dollar. Let's build a stronger California, together.

Warm Regards, 

[Your Name]"
273783,"Dear Sheila,

As a fellow animal lover and supporter of veteran affairs, I'm reaching out to share an opportunity close to my heart. The Newport Beach Police Support Foundation strives to create a safer community for all, including our furry friends.

With your background in current affairs, you understand the importance of providing our local law enforcement officers with both tangible resources and mental health support. Your generous past donations reveal your passion for civic duty - just like a true outdoor enthusiast always ready to lend a hand.

With $15, you could help us provide a protective vest for an officer, and continued contributions could also fund invaluable mental health resources. Alongside your fellow citizens in Newport Beach, you'd also be fostering a stronger relationship between our community and law enforcement. Like a tree thriving in a well-tended environment, every bit of support enhances our city's safety.

In our mission to uphold values dear to you as a conservative, we strive to protect the place we call home. We hope you can join us on this extraordinary journey. 

Sincerely,

[Your Name]
"
173804,"Dear Dean,

As a fellow supporter of community initiatives, I hope this letter finds you well. Your extensive history of giving clearly shows your commitment to make a difference - it’s truly inspiring.

Our organization stands firmly with law enforcement officers in Newport Beach, ensuring that they have the tools and support they need to serve our community safely and effectively. I know engagement with law enforcement is relevant to you, given the security you value being a gun owner and a cherished member of your community.

You've mentioned being an outdoor enthusiast, which speaks to your love for your locality. We strive to make it safer for everyone, so residents like you can continue to enjoy its beauty without worry.

Our officers also need support for mental health resources - an area often overlooked but vital in their line of duty. This endeavor aligns with your charitable donor profile, and it will have a remarkable impact.

With your generous support of $50 or more, we can together further strengthen the bond between law enforcement and the community, making it a better place for all and a safer place for loved ones.

Thank you for your consideration, Dean. You make a difference, and together, we can do even more.

Warmly,

[Your Name]
"
200372,"Dear William,

I hope this message finds you in good health and spirits in Tennessee. Your generous gift of $15 last time deeply touched us, reflecting the kindness we believe is abundant in our communities.

Given your years of residing over 15 years in the same location, I imagine you might understand the value of longevity and commitment - which is much like our mission here. We are steadfast in supporting our local law enforcement officers, to sustain a safer neighborhood for all; today, and for many more years to come.

Despite the distance from our base in Newport Beach, California, our impact knows no borders. Your previous donation was extremely helpful, and we sense that together, we can make an increased difference.

We humbly ask if you would consider making another donation this year. Your backing will aid us in ensuring our officers have what they need to optimally serve their communities, and consequently, indirectly serve communities across the country.

Thank you for your time, and for considering us in your philanthropic activities. It means more than words can express.

Best wishes,

[Your Name]"
284426,"Subject: Empowering Law Enforcement Officers in Newport Beach, California

Dear Monique,

I hope this message finds you in good health and good spirits. I was touched by your generosity that has already made such a difference 12 times during your long and illustrious journey.

Your belief in paving the right societal path is visible through the legacy of your contributions amounting to $105. It's an inspiration to look at your journey, having devoted more than 15 years to serve your community, supporting causes that resonated with you and in doing so, making Michigan a better place!

Today, we have an opportunity to expand this impact by supporting dedicated law enforcement officers in Newport Beach, California. Like you, these officers are at the heart of our community and are dedicated to serving and protecting. 

Your support in the form of a donation could help equip them with essential resources and mental health services. Not just that, your pledge will directly construct bridges of understanding between the public and the officers, fostering unity and safety in our community.

I hope you would consider providing your gracious support once again. Any amount, large or small, can make a significant impact.

Thank you for devoting your lifetime in making a difference, Monique. Here's to creating an even safer and united community in Newport Beach.

Best Wishes,

[Your Name]
[Your Position]
[Organization's contact information]"
638224,"Dear Lizzie,

I hope this message finds you well. As a faithful supporter of various causes, your selflessness truly makes a difference in our world.

I'm reaching out on behalf of a non-profit organization, dedicated to supporting the unsung heroes among us - our local law enforcement officers. Based in Newport Beach, California, our mission is to equip officers with essential tools and provide mental health resources, enhancing the security of our community. 

Your admirable dedication to your community, religious contributions, and political support indicate the breadth of your generosity. As a grandmother, the notion of creating a safer environment resonates with you in a special way. With your help, we can strengthen connections between law enforcement and the community, creating a safer future for our grandchildren.

Would you consider making a contribution to our cause? Your generous support can be instrumental in building this bridge connecting our law enforcement officers and the community.

Best Regards,

[Your Name]"
600487,"Dear Ramon,

Thank you so much for your continued support. You're a valued part of our circle of donors, whose contributions have made meaningful impacts in supporting local law enforcement officers. 

As someone who has been living in Washington for over 15 years, surely, it is your deep-rooted sense of community that shines brightly in each of your four thoughtful donations to date — totaling $57. 

Given your instance on maintaining safe neighborhoods — much like the ones surrounding your cherished long-time home — we thought you would appreciate our ongoing mission. We believe your charity could go a long way in ensuring our officers are well-equipped and mentally well-prepared to serve the communities we respect and love.

Despite the distance between our bases, we're connected by our shared dedication to create a safer environment through comprehensive support and active community engagement. Today, I invite you to bolster your contributions with a special donation of $20.

Imagine the difference your donation could make in the lives of our protectors and the communities they serve. 

Thank you, Ramon, for your ongoing support. Here's to our shared progress, across the miles. 

With gratitude,

[Your Name]"
910202,"Dear Rosa,

Hope this message finds you well.

Your generous history of giving, your 16 acts of kindness to various causes, is a testament to your kind and giving spirit. As someone with deep roots in Virginia and a commitment to the community, we believe you'd appreciate our mission at the Newport Beach Law Enforcement Support Foundation.

Our goal is to foster a safer environment though equipping law enforcement officers with essential tools and mental health resources, and promoting active community engagement. But we can't do it without the help of compassionate individuals like you.

Would you consider contributing to our cause? Even a small amount can go a long way in making our community safer for everyone. Your support, no matter the size, will change lives. An enclosed envelope is provided for your convenience.

Thank you for your time, Rosa. We appreciate your consideration and hope you'll join us in advocating and supporting our local law enforcement.

Warmest regards,

[Your Name]
[Your Position]"
546116,"Dear Mary L.,

As an appreciated, longstanding member of our community, and a committed supporter of our collective philanthropic efforts, your generosity has already made a significant difference.

Today, I'd like to bring to your attention a cause that safeguards those who guard our peace – our local law enforcement officers. Just as our officers protect our outdoor spaces, we believe in equipping them with essential resources for their welfare and efficacy.

Given your $10 gift last time, would you consider doubling your impact this time with a $20 contribution? Your donation will directly benefit the officers, ensuring they have the necessary mental health resources while also fostering a stronger rapport between law enforcement and the public.

Your continued support is deeply appreciated. Together, let's build a safer community.

Thank you for considering this request, and we hope you remain safe in your outdoors adventures.

Best,
[Your Name]
"
178111,"Dear Eleanor,

I hope this note finds you well in your new home in NJ. We are immensely grateful for your consistent support, having provided 80 generous contributions totaling $745 over the years. Given your longstanding commitment to philanthropy, I'd love to introduce you to our mission here in Newport Beach, California.

We stand in solidarity with local law enforcement officers by supplying essential equipment, mental health resources, and public advocacy support. As a woman who understands the value of service, we believe our mission aligns with your compassionate spirit.

Would you consider extending your recurring generosity to our cause and help us continue to empower our officers and create a safer community? Every donation, whether it be $20 like your previous or other amounts, makes a significant difference.

Your support will not only safeguard our brave officers but also foster understanding and harmony in the community they serve. I look forward to bringing you along on this impactful journey.

Best,

[Your Name]
"
228857,"Dear Thomas,

Warm greetings from our team in Newport Beach, California! I was inspired to learn about your deep-rooted connection to both charitable causes and the outdoors, your respect for our veterans and law enforcement, and your steadfast commitment to community engagement aligns strongly with our mission at our non-profit organization. 

We are dedicated to supporting local law enforcement, by providing critical resources, equipment, and fostering a bond between police and the community. Through your generous support, we can continue to equip our brave officers with tools they need to ensure our neighborhoods remain safe places where our citizens and their beloved pets can joyfully thrive, and our veterans feel honored.

It's not just a donation, Thomas, it's an investment in the safety and well-being of our communities. If it feels right, would you consider a gift of $50 or more? Every bit helps us get closer to our goal. Together, we can make a significant impact. 

Thank you for considering to support our mission, your generosity makes a difference.

Warm Regards,
[Your Name]
[Title]
[Non-Profit Organization]"
730918,"Dear Marion,

I hope this message finds you well.

Your continued generosity towards community charities and veterans' affairs has not gone unnoticed. It's evident that you deeply care about contributing to a safer and healthier community, just as we do here in Newport Beach. Our mission aligns with your passions - we prioritize not only offering essential equipment for law enforcement but also ensuring they have the mental health resources they need. 

With your support, we can continue advocating for our valiant officers who serve and protect our communities just as passionately as you've supported your community charities in PA. We absolutely understand not everyone can make hefty donations, and we value any contribution regardless of the amount.

Think about your lovely pets, children, and grandchildren's safety, wouldn't that be priceless? You have been an active donor over the years, and we believe having your support can make a meaningful impact on our mission.

We invite you to join hands with us in building a stronger, safer community for all. Any financial contribution would be greatly appreciated. We understand the value of every dollar and promise meaningful and transparent utilization of your contribution.

Your support means everything to us and those we serve. Thank you, Marion, for considering donating to our cause.

Warm regards,

[Your Name]
[Your Title]"
202023,"Dear Inge,

Greetings from Newport Beach! We recognize and deeply appreciate your consistent commitment to enriching communities through charitable giving.

Our non-profit organization passionately supports our local law enforcement officers, providing vital equipment, mental health resources, and encouraging a progressive dialogue with our community. Your shared spirit of community, as reflected in the 15-plus years you've lived in VT, makes us believe you'd resonate with our mission.

Your total contribution of $70 to various causes tells us you're committed to spreading change. Would you consider directing your next donation towards our cause? Your unique generosity, regardless of the amount, could equip an officer with essential gear or fund a much-needed counseling session.

Every gift brings us one step closer to a safer, healthier community for our officers and citizens alike. Together with compassionate individuals like you, we truly can make a difference. As a committed and generous liberal philanthropist, your support could go a long way in furthering our mission.

Thank you for considering our cause, Inge. Your support means the world to us.

Best,
[Your Name]"
220709,"Dear Mark,

We hope this letter finds you well and enjoying the beautiful outdoors that Massachusetts has to offer.

As an ally who has passionately supported causes, making 56 remarkable contributions amounting to $1,100, your generosity is inspiring. We're reaching out to you today on behalf of our noble police force in Newport Beach, California. Our dedicated men and women in blue are the backbone of our safe communities, and they need our collective support.

Our mission is symbiotic with your values, aiming to foster stronger, healthier relationships between law enforcement and the communities they serve. We provide essential resources, ranging from vital equipment to mental health support for the brave officers who serve and protect us day in, day out.

Mark, would you consider making a gift of $50 or more today? Your invaluable aid could help enhance safety equipment, expand mental health resources, and importantly, strengthen the bond between law enforcement and locals, metaphorically bridging the gap from Massachusetts all the way to sunny California.

Let's stand together for a safer, healthier society. We are excited for you to join our cause and make a difference.

Every donation counts.

Yours sincerely,
[Your Name]
[Your Position]
"
990057,"Dear Barbara,

I hope this message finds you in good spirits.

As an engaged Pennsylvanian who cares deeply about her community, I am excited to share with you the missions of our non-profit from sunny California, supporting local law enforcement officers.

With your impressive history of charitable giving and your proven commitment to community wellbeing, I know you appreciate the value of a caring law enforcement presence. Our organization is focused on providing essential resources for officer mental health and promoting a healthier community connection with law enforcement. 

As an outdoor enthusiast and supporter of public safety, your generous contribution would help provide critical equipment that will keep our officers and communities safer. Given your strong belief in active community roles, a gift of $30 would have a substantial impact. 

Let’s work together in nurturing the crucial bond between our officers and the community.

Best Wishes,
[Your Name]"
